client_id,age,income,loan_amount,credit_score,employment_years,marital_status,property_type,default
1,56,1898.836849940185,21810.21558703707,676,27,Married,Rent,1
2,69,4866.3199407308175,7031.680520441534,340,6,Single,Rent,1
3,46,3043.2957492427204,23996.879517526417,469,1,Single,Mortgage,1
4,32,6004.508823245058,13486.431062081709,511,23,Married,Own,0
5,60,5549.897369145272,14713.833182502432,792,3,Divorced,Own,0
6,25,3590.1803205089673,25863.640187550933,338,18,Divorced,Rent,0
7,38,4229.199623994959,32382.830714336356,668,25,Divorced,Mortgage,0
8,56,3411.1797171665726,20212.715767360616,450,10,Married,Own,1
9,36,4905.981354090242,23088.33012598964,410,39,Divorced,Mortgage,0
10,40,6432.713480751858,37022.14944635238,779,10,Single,Own,0
11,28,3521.410930496684,22407.531794885683,735,2,Divorced,Mortgage,0
12,28,5756.069773276767,46016.83114180395,346,11,Married,Rent,0
13,41,4204.613572441339,25655.09645631544,665,2,Divorced,Mortgage,0
14,70,3810.690751606484,2392.3724084418245,368,26,Single,Own,1
15,53,4839.454460068163,27533.416211045325,598,1,Married,Rent,0
16,57,3447.136516370939,23811.583848827777,595,15,Divorced,Mortgage,0
17,41,4169.526041979227,32897.527540827454,502,1,Married,Own,0
18,20,3203.183161116727,26731.813512699584,360,29,Married,Rent,0
19,39,7947.087699374584,18615.440160162263,613,19,Married,Mortgage,0
20,70,5052.895327957593,7757.017637106343,460,37,Divorced,Own,0
21,19,3950.4117380111215,17909.767427139748,630,27,Married,Mortgage,0
22,41,5320.969866101333,11494.795457907,827,24,Divorced,Mortgage,0
23,61,4831.507925463755,14194.765501952774,637,31,Single,Rent,0
24,47,4668.545600700166,25885.784044206095,603,9,Divorced,Rent,0
25,55,5921.250050065138,36699.04504351407,802,39,Single,Own,0
26,19,6136.261565070958,23946.71529822981,637,32,Divorced,Rent,1
27,38,4204.2482785842085,8041.169379648156,849,12,Married,Own,0
28,50,4136.27263903298,24446.02668220141,574,36,Divorced,Mortgage,0
29,29,4587.422454272534,31966.31486645651,463,15,Married,Mortgage,1
30,39,1547.1182528966228,13902.170956806178,742,21,Single,Own,0
31,61,2727.2134067021716,18659.828333270823,618,19,Divorced,Mortgage,0
32,42,7050.311401166788,20146.88194729197,803,26,Married,Rent,0
33,66,7467.451570251926,12151.0168691776,686,15,Single,Mortgage,0
34,44,4626.445940665432,26482.80433843859,793,33,Single,Rent,0
35,59,5864.835444583649,18790.518513922183,789,31,Divorced,Own,0
36,45,5466.875231815304,24195.32443907028,372,25,Single,Own,1
37,33,9618.321212682857,11125.078221979,808,24,Married,Mortgage,0
38,32,6679.362367151865,15625.416996765896,689,1,Single,Mortgage,0
39,64,4808.123612778851,27223.813578277714,594,11,Single,Rent,1
40,68,3566.6893390993614,16271.668479082331,668,39,Married,Rent,0
41,61,2590.330519613641,37269.63851233405,848,8,Single,Mortgage,0
42,72,5305.195453800835,16003.638143853976,486,11,Single,Mortgage,0
43,69,3865.4738820735447,22246.84725751886,744,25,Single,Own,0
44,74,2866.619435603489,29325.9083187309,662,8,Single,Own,0
45,20,4030.14067363621,5816.342670669683,422,9,Married,Own,1
46,54,3377.6779945784074,2391.9118801922414,487,31,Single,Mortgage,0
47,68,7530.712452608847,4743.436854299052,719,33,Married,Mortgage,0
48,24,6322.459635424176,32625.84103427182,551,19,Single,Mortgage,0
49,38,4988.041038025074,14481.418541075533,848,38,Single,Own,0
50,26,7219.916208335038,45581.992856682526,634,1,Single,Mortgage,0
51,56,5116.052461471428,14357.524013426115,391,0,Single,Rent,1
52,35,3708.0736980076044,21845.51303197037,829,35,Married,Mortgage,0
53,21,7284.686115904486,35421.09952567876,362,23,Married,Mortgage,1
54,42,5808.3650655269885,40060.92888159123,811,26,Married,Mortgage,0
55,31,3444.1307685103156,40615.03576636397,438,1,Divorced,Mortgage,1
56,67,4714.491982874588,32083.662305931422,484,30,Single,Mortgage,1
57,26,3686.5726199228643,30240.625258114625,504,13,Single,Rent,0
58,43,2925.800403553496,25925.26949201183,513,1,Married,Rent,0
59,70,6389.266321297462,27783.61076166638,555,28,Divorced,Mortgage,0
60,19,7864.124960705196,14488.142836714665,434,14,Single,Own,1
61,37,2902.148639271288,11818.011165776928,387,11,Married,Mortgage,1
62,45,5844.453855035857,19966.25542589048,506,36,Single,Mortgage,0
63,64,4024.0361463172594,18298.153774750717,428,27,Single,Mortgage,1
64,24,4269.311924352956,15467.719506727248,302,19,Married,Own,0
65,61,4111.409113641696,26963.874474567154,420,38,Married,Own,0
66,25,3704.013845480276,29553.05208570511,684,23,Single,Own,0
67,64,5072.78244191724,20884.068862918473,337,20,Single,Rent,0
68,52,3753.5748253834436,34775.30081055262,640,9,Married,Own,0
69,31,5405.685238669758,8583.10885866495,320,13,Single,Rent,1
70,34,4924.642835826295,18063.40540720282,541,36,Single,Rent,0
71,53,4641.5779297003855,12831.77679397195,754,17,Married,Own,0
72,67,3638.6545069376034,1334.6338292694018,602,23,Single,Own,0
73,57,4134.843004147501,19173.193141573007,368,13,Single,Own,1
74,21,6133.0868387386345,18782.524916167164,428,33,Divorced,Rent,0
75,19,5751.375781436571,35134.49743242131,495,11,Married,Mortgage,1
76,23,3533.6671328021735,26308.116845547775,439,21,Divorced,Own,0
77,71,5148.998458143838,9758.131756707951,743,5,Divorced,Own,0
78,59,6127.080685057684,38540.925663341885,582,35,Divorced,Own,0
79,21,2495.8920783179424,32210.33695525353,611,35,Single,Rent,0
80,71,5815.040288569902,25820.97703468616,834,21,Single,Rent,0
81,46,4006.06436158123,17735.15901150168,576,13,Divorced,Mortgage,0
82,35,5855.898002889739,10405.607632765203,360,15,Divorced,Own,0
83,43,3855.111265186225,16277.93223928947,618,35,Divorced,Rent,0
84,61,2292.6768490032214,30887.48619704186,351,24,Single,Mortgage,0
85,51,2558.686343175256,38845.86305934609,452,31,Divorced,Own,0
86,27,5072.127419992073,35432.43528272189,610,32,Divorced,Rent,0
87,53,5389.583752582223,15111.50578213726,843,35,Married,Own,0
88,31,3643.525062343387,8803.825667109888,688,19,Married,Own,0
89,48,5957.888688166061,21408.86246911204,847,17,Single,Rent,0
90,65,2507.71990659656,2315.6063443714847,476,37,Married,Rent,1
91,32,4900.880302029025,23231.677141847817,661,2,Married,Rent,0
92,25,3183.475700356315,18523.974137013312,613,22,Married,Own,0
93,31,4022.245838296761,15339.634981317577,396,31,Single,Own,1
94,40,5071.098006974621,4052.9693273320463,512,15,Married,Mortgage,1
95,74,3709.3799520740713,25136.001065697164,436,4,Single,Own,1
96,57,4423.166683655262,14672.991603380886,305,3,Divorced,Rent,1
97,38,6509.439213821661,8300.83164289712,408,20,Married,Own,1
98,33,4134.6621957152765,1000.0,846,39,Single,Mortgage,0
99,62,6253.5381680977125,19724.850949493637,338,13,Married,Mortgage,0
100,35,3305.439718013573,37722.515966697436,724,38,Divorced,Rent,0
101,64,5794.706266872924,36612.5921454787,560,30,Single,Rent,0
102,70,7162.35293098685,15429.03743413728,725,13,Single,Mortgage,0
103,41,1500.0,13977.879396382195,386,5,Single,Mortgage,1
104,43,3804.657116794285,24687.742560750237,764,11,Divorced,Mortgage,0
105,42,5865.60819077081,10016.145608117085,375,15,Divorced,Rent,0
106,62,4695.431920935511,23017.91899819466,770,16,Divorced,Mortgage,0
107,58,5556.718810056963,27660.802783846902,713,22,Single,Mortgage,1
108,46,4094.022219926269,32269.332238843075,756,13,Divorced,Rent,0
109,32,5129.88468120935,18998.459235200473,584,6,Married,Own,1
110,62,4766.484146911881,17963.262498230342,538,31,Divorced,Own,0
111,18,6751.673092489711,11220.17413243439,671,14,Single,Mortgage,0
112,42,5381.6312649518195,11731.1964596014,794,16,Married,Own,0
113,24,5506.403993112804,17735.211080984733,344,33,Divorced,Own,0
114,26,4382.184550816299,23673.65506816178,700,4,Married,Own,1
115,41,4268.59066389126,29135.846262332496,546,26,Married,Own,0
116,18,4351.162718270569,11968.210493196551,749,22,Single,Mortgage,0
117,61,5591.678213567446,34926.88568959522,784,39,Married,Own,0
118,25,4368.523278769606,17288.763989574312,317,13,Married,Own,0
119,41,5434.66228534462,19786.327056515638,588,14,Single,Rent,0
120,28,8113.101197968159,12527.883208521765,713,32,Single,Mortgage,0
121,68,6306.687055147539,1000.0,534,30,Single,Rent,0
122,34,4510.964701748238,28840.453963610496,715,34,Married,Rent,0
123,25,6801.820883245917,27368.438970924333,798,16,Married,Mortgage,0
124,52,4387.886940467673,17186.724428817866,414,27,Married,Own,0
125,52,1942.8131972332194,20669.90717224872,533,18,Single,Rent,0
126,50,3487.8705336238936,25159.392177040994,839,22,Divorced,Mortgage,0
127,22,2193.8121184612164,4374.541431134574,310,31,Married,Own,0
128,59,4472.729773938037,14709.473226537051,505,39,Divorced,Mortgage,0
129,56,5027.627568784327,27942.646796218272,546,12,Single,Rent,0
130,58,7514.655968412924,7457.105768307505,426,19,Married,Own,1
131,45,5490.391060646244,22935.579321666293,446,34,Divorced,Own,0
132,24,4671.349206786704,6434.18195376595,417,4,Married,Mortgage,1
133,26,6244.1083717752335,24664.299824335263,681,8,Married,Own,0
134,25,1683.2970364881721,19643.585177025165,711,28,Married,Rent,0
135,29,5353.4218371628485,3848.681840944906,662,5,Divorced,Rent,0
136,51,6156.29779083045,31647.393544571714,808,24,Single,Rent,0
137,50,2782.1206313302378,12654.084232019508,436,30,Married,Mortgage,1
138,65,6715.631064810394,11897.47562985619,474,21,Single,Own,0
139,72,5507.744611241621,22005.69197230943,588,1,Single,Own,0
140,40,4377.068129148798,31486.373494287152,780,4,Divorced,Own,0
141,41,5949.172799159427,9841.78181021603,318,26,Divorced,Rent,1
142,54,8406.039286706593,20616.798498479715,494,24,Single,Own,1
143,52,5272.799382587743,24288.16500330573,629,7,Married,Rent,1
144,61,5372.330879450504,26931.05607263144,474,0,Divorced,Own,1
145,57,4310.958650689634,21764.41555277225,748,19,Married,Rent,0
146,39,3725.233445802812,16329.721609166776,653,22,Married,Own,0
147,44,6245.503724816368,11724.097793512803,798,31,Married,Mortgage,0
148,52,3715.8742611366993,20861.438830463747,440,10,Single,Mortgage,1
149,18,5107.349355829088,9278.609880143931,392,38,Married,Rent,0
150,52,4283.513829852325,1000.0,538,23,Single,Rent,0
151,54,5718.469738619588,24365.59804157668,504,10,Single,Own,0
152,64,5500.493157930422,29039.348410861952,732,28,Married,Own,0
153,31,6556.309916386848,1000.0,544,25,Married,Mortgage,0
154,20,4234.975401717879,9902.692952900625,616,15,Married,Own,0
155,18,4595.187597059943,26191.542610051976,594,34,Married,Rent,0
156,22,3531.854426326539,40574.95469711699,581,19,Single,Rent,0
157,43,4333.560109885832,20207.93707675408,316,2,Married,Rent,0
158,72,5565.950739567278,12719.970587708656,370,0,Married,Rent,1
159,31,6135.482924968028,18171.0355889516,568,0,Single,Rent,1
160,56,3616.752013733562,33748.76419148185,624,16,Divorced,Mortgage,0
161,44,6304.40888015849,13540.358208754647,604,1,Divorced,Mortgage,0
162,26,7033.456788207426,12008.079933497465,750,28,Single,Rent,0
163,32,5620.152354835551,15172.564778179676,306,19,Divorced,Own,1
164,32,7815.193718837099,10466.713917412877,613,5,Single,Rent,0
165,43,3839.3162013446404,21226.703159947956,402,7,Married,Mortgage,0
166,59,3133.017945032874,36246.784584695604,492,28,Married,Rent,0
167,30,2331.919626643582,23230.79273116029,828,32,Divorced,Mortgage,0
168,68,7244.066467233774,17476.464978737124,470,2,Married,Mortgage,0
169,49,5981.548484531087,17081.88731084456,836,34,Divorced,Rent,0
170,56,4916.622993634317,4368.09191303343,550,4,Divorced,Rent,0
171,66,5419.95293947973,28831.097771471592,686,26,Married,Own,0
172,69,3311.7664290524353,19221.62802987198,506,11,Married,Mortgage,1
173,49,8668.627969425239,18195.200864093742,840,19,Divorced,Own,0
174,21,5193.831772962842,50000.0,715,19,Married,Rent,0
175,47,5164.092191907339,22987.529083656864,679,8,Single,Mortgage,0
176,54,6088.649935848038,12482.089499048157,443,38,Married,Own,1
177,40,5721.51384760507,15736.424037944567,324,3,Married,Own,0
178,56,5335.826036418697,31484.457091967546,372,18,Single,Own,0
179,62,3814.2883168320323,21132.704105377645,392,37,Married,Rent,1
180,32,5707.202535703994,5617.220216826334,804,26,Married,Rent,0
181,60,7823.03674471255,29192.289345752033,635,12,Divorced,Rent,0
182,46,7018.130069232467,13318.55914461006,724,12,Married,Mortgage,0
183,53,7389.779939959095,38732.977762175455,798,21,Married,Rent,0
184,30,4233.176485353222,30800.480657146487,663,27,Single,Mortgage,0
185,49,3515.592769612129,15526.781043412488,498,21,Divorced,Own,0
186,24,4811.3196198505275,32810.16361735113,712,18,Divorced,Own,0
187,68,5083.587368433042,20678.555105274034,638,7,Divorced,Rent,1
188,39,6641.287277706423,28527.736751222197,728,7,Married,Own,0
189,45,2461.303055427771,24847.328172944748,438,25,Divorced,Rent,0
190,19,7294.32547919092,11536.433450091265,841,25,Single,Mortgage,0
191,59,4762.988152131516,13564.50167682538,356,22,Divorced,Own,0
192,62,4359.67839507887,30299.608175811612,531,12,Single,Rent,0
193,74,3481.8434371097487,16652.246678934593,734,27,Divorced,Own,0
194,70,2517.714992201346,15963.515367580032,683,8,Divorced,Own,0
195,23,6234.755875942872,10448.77420650647,493,19,Single,Rent,1
196,45,5109.976950782606,24235.990655934613,833,18,Divorced,Own,0
197,45,3065.058650388419,40625.24919243145,817,38,Divorced,Own,0
198,61,3057.3818419045756,9324.670857457271,484,11,Divorced,Own,0
199,61,4496.322951064808,20242.19456672758,591,14,Married,Own,0
200,37,7503.532287934089,34122.205554154294,634,30,Single,Mortgage,0
201,47,4610.612972954593,19203.586087542848,415,13,Divorced,Own,1
202,28,2745.2855703228406,24523.71796249734,348,10,Single,Own,1
203,72,4631.385403871083,9376.064718531203,381,25,Single,Rent,0
204,45,4590.914645378494,24283.070972076486,632,26,Single,Mortgage,0
205,42,1500.0,18128.557349954513,634,10,Divorced,Rent,0
206,56,4918.557700223281,29857.29995679863,831,37,Divorced,Rent,0
207,50,4653.598204686983,31873.86051564751,520,33,Single,Rent,0
208,18,6044.309547220128,45895.63642018614,622,18,Married,Mortgage,0
209,74,7773.434142418018,25796.331732135757,302,5,Single,Rent,1
210,44,6689.847544321636,23257.963165821664,505,37,Married,Rent,0
211,74,4596.6669641677545,21943.84301577336,339,27,Single,Rent,0
212,69,3340.211136887495,16468.33707189312,358,0,Single,Own,1
213,30,8860.039704874791,23384.83843461691,806,34,Single,Rent,0
214,58,5088.827651021732,17045.985898609706,421,39,Divorced,Mortgage,1
215,20,5020.8939378694195,21684.609762696142,778,7,Married,Mortgage,0
216,56,4963.812369334995,33175.975356079594,395,6,Married,Own,1
217,23,5297.127141151783,9934.574347203588,713,10,Single,Mortgage,0
218,25,4783.459382114086,31398.785611290456,534,38,Divorced,Mortgage,0
219,44,4139.506989679646,33171.15067339865,361,3,Divorced,Own,1
220,26,4179.711588139412,18819.314730089212,555,24,Married,Rent,0
221,54,4950.870094676003,1000.0,647,11,Divorced,Own,0
222,50,4184.862843299353,13921.780129055674,423,25,Married,Rent,1
223,68,3930.7313259842535,32969.94546561109,781,37,Married,Rent,0
224,59,5159.6453415378455,19771.31937701118,616,11,Married,Mortgage,0
225,61,4617.534173868717,10006.977677050892,803,36,Divorced,Own,0
226,41,7255.989482874033,14952.250787717825,347,23,Married,Mortgage,0
227,32,1500.0,28406.200265045532,708,15,Married,Mortgage,0
228,71,6637.260277883693,25467.335682013792,435,12,Single,Rent,0
229,49,6869.127788746444,17610.679008303057,500,24,Married,Mortgage,1
230,49,1889.9146513877758,16331.755881853125,549,3,Married,Own,1
231,41,4485.968608879477,16082.418509561781,613,10,Single,Mortgage,0
232,58,4442.8387010063125,10775.898155014975,667,31,Single,Mortgage,0
233,69,2888.732457923268,36153.756894694416,728,6,Divorced,Rent,0
234,66,3833.2749686136867,16776.7953078866,779,10,Married,Own,0
235,66,3334.136231801257,32171.585208254965,613,27,Divorced,Mortgage,0
236,69,7628.405665135434,35213.16051922451,799,22,Divorced,Rent,0
237,29,6403.517589721192,29983.108981479603,654,22,Single,Mortgage,0
238,56,6907.332642491238,15683.796872819516,784,27,Divorced,Own,0
239,19,6082.508096064853,24037.300903366093,510,25,Married,Mortgage,0
240,20,3306.422343174156,19758.04393609084,343,24,Single,Mortgage,1
241,66,4213.21960058034,10962.981392698719,840,28,Married,Rent,0
242,54,5734.061841841877,23243.59281721603,391,18,Married,Mortgage,0
243,66,3166.8082866620816,8209.602088401974,564,32,Single,Rent,0
244,73,6069.4976452585815,31876.79388461564,519,35,Married,Own,0
245,34,4639.511902762797,15353.827027016068,741,13,Single,Mortgage,0
246,66,4437.768788675604,22011.596558728394,700,13,Married,Own,0
247,19,6066.439952305237,22832.878715461422,699,34,Single,Own,0
248,19,5666.39496722906,17410.950262959228,789,29,Divorced,Mortgage,0
249,45,4458.55075127138,25866.938014752748,784,27,Married,Rent,0
250,71,6738.9947050463725,15250.963433774756,769,16,Single,Own,0
251,40,3378.4050086001544,28712.97297457244,744,2,Married,Own,0
252,54,5923.903410416396,6540.203197532515,568,15,Married,Mortgage,1
253,49,5889.651886952575,21263.795795464117,566,29,Married,Mortgage,0
254,50,4535.680341029015,39389.28999058285,353,28,Single,Mortgage,0
255,18,5489.199533363177,9996.686753944252,827,14,Divorced,Mortgage,0
256,36,3123.3296354220456,13222.550294751485,819,24,Divorced,Mortgage,0
257,19,6386.040528810352,25139.07849658915,358,37,Divorced,Mortgage,0
258,70,4722.646795335517,21795.81781939598,339,37,Single,Rent,1
259,61,4215.915469221441,23506.300992735592,536,22,Divorced,Own,1
260,43,6573.513838755334,24891.871301476636,685,24,Single,Rent,1
261,49,3943.484464185861,26347.2146856177,599,6,Married,Rent,0
262,23,2887.3080554546605,31096.99841956223,694,21,Married,Mortgage,0
263,49,2665.0562397141443,24098.186569285124,506,16,Divorced,Own,1
264,72,5909.014927018459,17587.423453814576,635,17,Single,Rent,0
265,21,3079.3559712555752,26725.73701202731,813,9,Married,Mortgage,0
266,72,7632.191272976546,38998.81934895215,477,9,Single,Mortgage,0
267,28,1877.105888174417,18673.662536174263,695,6,Single,Own,0
268,73,7544.684552435057,10254.706953293586,670,37,Married,Rent,0
269,34,5316.526200803928,31070.80669286973,617,26,Single,Rent,0
270,55,4854.930332194412,18796.188360464017,668,32,Married,Rent,0
271,41,4182.621369786575,1000.0,683,0,Married,Mortgage,0
272,22,5598.704171528107,28474.216771504216,361,33,Married,Own,0
273,69,4943.547946362727,14646.718140460773,804,3,Single,Own,0
274,51,6654.952823024782,19094.66717695839,538,16,Married,Rent,0
275,23,5171.341472993059,23319.803305690144,494,3,Single,Mortgage,1
276,39,5225.452642192817,21904.996797790664,521,25,Married,Rent,0
277,28,4454.581681679216,27094.518171390395,360,3,Married,Own,1
278,65,4914.581564418399,15645.136294301567,428,0,Divorced,Mortgage,1
279,33,5461.702653338089,25131.057981760827,455,6,Divorced,Rent,1
280,50,2434.7474110150615,17404.533224160827,677,29,Divorced,Rent,0
281,26,2977.7218668414307,27388.104808875032,736,8,Single,Mortgage,0
282,23,6114.896141034073,26153.674840130534,506,34,Single,Own,0
283,33,5256.298157191913,10645.612979554047,687,7,Married,Mortgage,0
284,46,4724.024995470982,30859.821161750322,779,23,Married,Rent,0
285,20,5027.650899598089,14640.36554885952,639,18,Married,Rent,0
286,37,5521.372558042506,28080.57798281145,639,35,Married,Rent,0
287,53,4190.360479535958,23672.873134013407,503,26,Single,Rent,0
288,36,3832.542911896531,38381.83676795123,460,31,Married,Own,0
289,43,5293.767882646523,17765.34017628148,839,13,Married,Own,0
290,20,3532.440833577452,16506.832038818025,691,17,Divorced,Rent,0
291,36,5612.379133571708,19805.803941122675,833,27,Married,Own,0
292,37,2446.124593643239,16968.202171657245,369,28,Married,Own,1
293,49,6543.733455988466,27999.4190194205,704,15,Married,Own,0
294,24,5708.896223619565,3836.8939156341203,816,34,Single,Rent,0
295,69,5384.044601470813,9463.17580853646,419,30,Divorced,Mortgage,0
296,58,6474.03647591827,9321.97078420807,516,3,Married,Mortgage,1
297,50,7498.2116666938655,29503.075919735755,355,36,Married,Mortgage,1
298,57,6521.555097527195,37106.13372581925,665,16,Divorced,Rent,1
299,56,2238.688653002532,18955.507814625285,803,38,Married,Own,0
300,35,3080.6345498964474,18311.782768099893,754,25,Single,Own,0
301,57,4062.7721334564817,20700.521631131815,403,38,Married,Rent,0
302,18,5039.136575316251,31618.783026081903,376,3,Single,Rent,1
303,28,5776.488530703685,10726.46865809426,529,29,Single,Mortgage,0
304,45,3911.384280269802,22383.68982734785,557,29,Married,Mortgage,0
305,74,5280.150146715618,29751.976297824298,563,21,Divorced,Rent,1
306,42,3866.925601470016,25010.941699398452,630,10,Single,Mortgage,0
307,67,4082.7232955120776,21895.816165987435,481,1,Divorced,Own,0
308,40,2890.0083547276668,30010.46092567141,849,11,Married,Rent,0
309,48,3615.1501308336437,1000.0,326,29,Single,Rent,0
310,47,2972.4730915754994,26778.753195309077,575,35,Married,Own,0
311,59,3536.190120534001,13459.243168725763,598,17,Divorced,Own,1
312,52,6580.462694911759,1693.6710314354314,390,25,Married,Own,0
313,24,3575.9016667520855,25112.02599524981,779,6,Married,Mortgage,0
314,33,8948.573097256087,33736.58545162958,757,0,Single,Rent,0
315,43,5739.976851321334,18625.51485372308,750,25,Married,Mortgage,0
316,65,5277.254185542311,29528.74547202939,664,22,Married,Own,0
317,74,3712.46332972818,36122.78257988645,650,25,Married,Mortgage,0
318,69,6050.4648191134875,33149.144535840474,699,5,Single,Own,0
319,66,4136.543260643339,36399.645293713926,552,5,Divorced,Mortgage,0
320,19,5183.014721968042,27421.274910718923,758,7,Divorced,Mortgage,1
321,18,8840.126807403192,20754.336389015927,798,23,Married,Own,0
322,65,4855.910150413025,3980.3418810283147,807,21,Single,Mortgage,0
323,29,6723.909989428514,17539.375118700515,603,18,Married,Rent,0
324,22,3945.235362311169,11567.534046838082,800,36,Divorced,Mortgage,0
325,54,4947.517264254558,41709.42717497813,465,17,Single,Mortgage,1
326,49,7656.200953453264,18241.141875676632,714,30,Divorced,Rent,0
327,72,4059.549413318349,21232.04806784486,761,36,Divorced,Own,0
328,26,7718.672836995393,25514.853760404676,413,29,Single,Rent,0
329,58,6061.627903183213,20436.024463724538,732,32,Single,Mortgage,0
330,52,4156.299836158599,36950.510404307526,655,9,Married,Own,0
331,36,5948.611608583282,13773.50638265548,506,36,Married,Mortgage,0
332,65,6458.8316744400945,21946.074552372425,534,11,Divorced,Mortgage,0
333,33,5932.714943325795,12575.294143019517,741,29,Single,Rent,0
334,20,2644.6629201643154,6799.7748877929425,654,26,Single,Rent,0
335,37,3909.2942362626973,13882.309090947147,814,38,Married,Own,0
336,41,4628.722046672743,19629.63202951588,507,8,Divorced,Own,1
337,71,4888.349856349931,15706.9777548274,424,20,Divorced,Own,0
338,73,5931.008146326017,13075.79020126144,437,11,Married,Mortgage,1
339,50,5266.551501399881,5936.825363281661,638,28,Single,Rent,0
340,41,2996.983461934848,19168.944273713052,836,32,Married,Rent,0
341,69,5570.296776508945,4952.796259689978,367,14,Married,Rent,1
342,28,5915.878617925735,27600.559636896025,840,1,Married,Own,0
343,66,5839.68567189656,20824.39752934503,682,38,Married,Rent,0
344,25,6621.171088331933,5424.485005350694,318,17,Single,Rent,1
345,53,6250.883231823356,16907.909229501365,749,2,Married,Rent,1
346,55,5688.770118842655,12478.435944094168,373,6,Single,Own,1
347,57,4894.75143281203,23191.745104191803,575,17,Married,Rent,0
348,37,2508.5585997260127,33404.504460231445,347,37,Divorced,Own,0
349,52,5644.427328698879,1248.2753035425558,510,36,Single,Rent,0
350,65,5311.531530744667,21150.26079147417,839,32,Divorced,Rent,0
351,42,5407.368255793061,18398.672044333594,490,30,Married,Rent,0
352,52,3084.877136269536,26713.40076450466,614,10,Married,Own,0
353,42,3378.4151893876065,22131.966282376892,412,3,Married,Own,0
354,46,6579.729279999356,12480.306682611808,469,17,Single,Rent,0
355,35,4940.667269215018,16809.46064333382,767,3,Divorced,Mortgage,0
356,63,6022.2510460589365,12039.74143196511,313,33,Single,Own,0
357,35,5042.477564195692,30760.071385985982,587,28,Single,Own,0
358,19,5044.634209243618,20213.116486719424,488,23,Married,Rent,0
359,71,6407.425708963997,39011.90685753008,454,21,Divorced,Mortgage,0
360,52,4225.93290767394,19393.391861853794,770,1,Married,Rent,0
361,33,5144.181165411475,12915.932330895372,374,5,Single,Own,1
362,58,4306.587066942437,4862.856073871728,576,24,Married,Own,1
363,53,4348.255658851526,1968.6032374405477,642,20,Divorced,Rent,0
364,50,4536.241814797041,4158.6405699451025,724,15,Married,Rent,0
365,21,5333.200657450569,22671.266510114834,810,30,Divorced,Mortgage,1
366,50,4281.877067504784,25087.25023229934,481,13,Divorced,Mortgage,1
367,31,6883.634188360281,4188.092979678666,757,38,Married,Own,0
368,38,3658.089046670744,28950.383140761154,363,27,Single,Mortgage,0
369,65,4719.692533757961,15169.389483165605,559,31,Married,Mortgage,0
370,37,4340.403412588737,21467.930119855493,492,27,Single,Own,0
371,73,7170.466826530599,36122.206282554245,705,8,Single,Own,0
372,25,5294.832164767362,28968.39315865532,392,21,Married,Own,1
373,24,6547.766809202953,17314.693520941677,729,31,Single,Own,0
374,20,2771.6594404445423,11088.077745847126,733,4,Single,Rent,0
375,34,5400.575398803889,1000.0,703,22,Married,Own,0
376,50,6334.446193435156,12808.466807575798,733,4,Married,Own,0
377,65,5123.425983913136,17888.697611723055,411,31,Married,Own,0
378,29,6598.220562598027,10128.204728488161,674,9,Single,Mortgage,0
379,68,4224.067324849442,18687.430329076953,358,38,Divorced,Own,0
380,39,7114.021160278369,20768.518829587683,342,14,Single,Rent,1
381,72,8448.347185428876,17751.440181919214,506,6,Divorced,Rent,0
382,39,4455.7421593405115,13499.974191765403,595,28,Married,Own,0
383,63,4331.746217898843,21686.546719667276,417,2,Divorced,Rent,0
384,47,7180.076715676551,24419.40649569409,831,18,Married,Mortgage,0
385,55,7369.358218596069,9096.009225571539,521,9,Married,Own,0
386,55,4215.709959270098,34109.3237974627,465,27,Divorced,Rent,0
387,62,4369.719774356214,19014.11867715738,455,28,Married,Rent,0
388,68,4577.323086709239,20188.496229448476,483,14,Divorced,Own,0
389,71,2983.3242334485844,27082.144232565573,389,34,Married,Rent,0
390,25,3622.0220802737026,22332.161312635017,393,5,Single,Own,0
391,44,3493.7888498718985,29531.36633913245,312,11,Single,Rent,1
392,44,3848.3036523438072,22871.24165201824,737,37,Married,Mortgage,0
393,51,4947.972668919828,13875.626253595621,837,12,Married,Rent,0
394,38,5351.3220988047815,23615.035252061018,449,28,Divorced,Rent,0
395,47,7325.7507392211155,8562.737926793383,307,18,Single,Own,1
396,50,3502.4689388918137,21085.597057765233,328,2,Divorced,Rent,1
397,45,6476.483597714876,19667.70009355539,595,7,Married,Own,0
398,64,4679.016733661737,17918.831427274603,639,7,Married,Mortgage,0
399,50,4925.804435521351,18714.624885610694,738,19,Divorced,Own,0
400,22,6012.229238249905,1181.5095450236076,443,3,Married,Own,0
401,65,3315.916967656552,14512.750922590385,818,20,Single,Rent,0
402,36,5573.614619276076,20928.449011411147,344,2,Divorced,Mortgage,1
403,21,5249.678312319584,21598.563919974004,538,7,Single,Own,0
404,52,5738.676896012224,9723.248590740419,454,22,Single,Rent,1
405,66,5433.752965861727,32657.07840864701,480,15,Single,Rent,0
406,34,8682.950209866342,11338.251517854991,514,12,Divorced,Own,0
407,61,4043.390023623026,29694.572005267368,387,2,Married,Rent,1
408,45,4203.5045674972735,24271.943618716847,555,8,Single,Own,0
409,47,4065.2892103628537,13537.72690156197,810,13,Single,Own,0
410,46,4166.784321259618,37753.10892609512,372,12,Single,Own,1
411,63,4043.919309040223,8063.6316824352,478,6,Married,Mortgage,0
412,70,6783.524796661328,29191.541736100015,511,14,Married,Own,0
413,23,7130.756371984782,30005.823180429783,533,6,Divorced,Rent,1
414,52,4143.880559375785,13293.797909233552,764,37,Married,Mortgage,0
415,58,3751.4666403436568,33924.65300064329,522,33,Divorced,Rent,0
416,54,5707.123334579606,17499.53485401047,563,21,Divorced,Mortgage,0
417,41,4171.665433578543,22886.93629279857,506,23,Divorced,Mortgage,1
418,46,5949.397726633266,22603.218387712208,665,36,Divorced,Mortgage,0
419,66,5304.38453127695,18656.91258529452,575,0,Divorced,Mortgage,0
420,63,2726.383827504152,28108.08273159782,679,9,Single,Rent,1
421,70,7321.257801995092,27934.88720552213,608,15,Married,Own,0
422,48,7693.816509643282,2514.6802676181906,567,7,Single,Rent,0
423,52,4080.8169642734206,33043.40242878153,363,24,Divorced,Own,0
424,50,4418.447660096024,3375.0801196432585,649,11,Married,Rent,0
425,69,5428.798086087358,30325.462043416574,793,24,Single,Mortgage,0
426,38,5501.685184980537,31267.051368275832,822,16,Single,Mortgage,0
427,49,5987.816409009246,9090.335697848017,397,25,Divorced,Own,1
428,40,8015.306808149524,15891.857120454151,370,13,Single,Own,1
429,50,4734.579158758926,8942.953315140643,663,35,Single,Rent,0
430,20,3802.5541331923196,17850.789697112647,575,22,Single,Own,0
431,35,2931.021157978209,16919.65715814259,349,5,Single,Rent,1
432,42,3903.6049400871216,27796.6053226934,657,4,Single,Own,0
433,59,4950.309540689304,33103.08746119608,784,24,Divorced,Own,0
434,48,7691.836795276682,33956.83810789956,383,17,Divorced,Own,1
435,71,4223.583051445743,14378.319734216979,595,12,Single,Mortgage,0
436,20,5335.681927458348,17907.781262554723,535,13,Divorced,Mortgage,0
437,57,4975.3656558908715,3165.6180777904992,355,27,Divorced,Rent,1
438,63,6782.589910172126,11941.299335038111,659,17,Married,Own,0
439,41,8790.398638810433,29648.516330974577,409,27,Single,Rent,0
440,67,4203.696840619519,36155.82823548232,491,26,Divorced,Own,0
441,49,4265.840836222666,7656.511281200779,392,31,Divorced,Mortgage,0
442,64,6566.241315603608,14075.357408471056,359,8,Single,Mortgage,1
443,39,6022.8372344394675,19735.94243041073,338,39,Married,Own,0
444,40,7770.06098860405,22801.61158819607,839,31,Single,Own,0
445,19,5875.892277988946,11903.964800783539,348,19,Married,Mortgage,1
446,44,4461.061863819411,24240.610444640897,719,27,Single,Mortgage,0
447,59,5885.982246038464,15261.606529290839,312,32,Single,Rent,0
448,19,6663.055370874362,19855.47729121721,335,3,Single,Mortgage,1
449,43,6230.723271796046,25462.842480036998,400,33,Single,Own,0
450,34,5760.911046660946,20064.222698109377,385,2,Married,Rent,1
451,57,6600.012034383731,15636.141094734314,815,25,Married,Own,0
452,50,6753.943385668509,18903.901960741692,522,7,Divorced,Rent,0
453,26,7073.238486556291,19116.370407946648,637,5,Single,Own,0
454,60,5973.064831384464,16299.889701178723,465,15,Married,Mortgage,0
455,71,4749.322879524719,17412.039373328975,682,23,Married,Own,0
456,65,5220.070529649985,35986.471705047166,675,38,Married,Rent,0
457,56,6809.763449762535,25609.19447941239,770,29,Single,Own,0
458,46,3774.596493519146,17045.196819708395,330,12,Divorced,Rent,1
459,59,5553.009963309351,26969.544045107355,674,4,Married,Own,0
460,72,4409.991781508959,16661.8051024399,310,24,Single,Mortgage,1
461,43,5043.117234402226,31731.246375866413,601,19,Married,Mortgage,0
462,52,6917.677793910948,23696.42192198094,395,17,Married,Own,0
463,67,5286.648602029855,18926.97855995771,489,17,Divorced,Own,0
464,42,5069.6548222342235,24477.169258102775,752,1,Married,Own,0
465,41,2960.2157885301212,4291.238479315007,491,9,Married,Rent,1
466,30,6119.380349040831,8732.325310901948,785,11,Single,Own,0
467,24,5968.226271711613,8060.749936009446,565,12,Single,Own,0
468,74,8244.88208495819,21429.43094763707,723,10,Divorced,Rent,0
469,53,4538.332647570499,37325.149994850915,427,18,Single,Mortgage,0
470,62,5328.7254914959085,42313.001461926324,537,34,Single,Own,0
471,37,5374.075525566133,26380.511014407573,654,38,Divorced,Own,0
472,18,7366.179919645212,25008.44474944457,411,25,Married,Mortgage,1
473,25,4857.056701419572,1989.4226584726093,745,13,Divorced,Mortgage,0
474,63,5418.532288655509,14573.262002659783,642,23,Single,Rent,0
475,33,5911.844764574809,12122.16248091761,444,0,Divorced,Own,1
476,31,5279.913684734537,13791.524017488839,364,21,Married,Own,0
477,29,4330.349578174208,18318.561814152104,546,22,Divorced,Rent,0
478,68,5291.134989347462,15279.094223028726,789,18,Single,Mortgage,0
479,40,6610.447624789658,1000.0,738,17,Single,Rent,0
480,32,3460.22705088341,27479.10256117534,405,11,Divorced,Mortgage,1
481,45,5199.454511220314,9272.569742601934,480,27,Married,Rent,0
482,51,3949.81877759124,22392.468641111496,483,27,Divorced,Mortgage,0
483,19,6792.569943387263,40740.82669749974,525,32,Married,Rent,0
484,49,2715.219642824338,10806.154084135766,388,18,Married,Mortgage,1
485,40,4161.617229092618,1000.0,829,27,Divorced,Mortgage,0
486,39,5565.817812596782,17139.957781198893,670,36,Married,Mortgage,0
487,68,7348.286043851511,31009.59634998571,698,25,Single,Mortgage,0
488,42,4901.374608390518,39583.474542205935,405,34,Divorced,Mortgage,0
489,39,4167.200709960202,7704.504055475831,570,33,Married,Own,0
490,39,7821.7356041608855,24966.992232365217,802,34,Single,Mortgage,0
491,66,2827.979149375634,15346.895432199468,824,39,Divorced,Own,0
492,69,1701.7910650698773,18940.516456958645,331,15,Single,Mortgage,1
493,59,5660.021675079998,46443.43347017035,692,37,Single,Own,0
494,23,4246.918663471083,4970.296716048468,339,12,Single,Own,1
495,32,3468.15077430393,22537.396614945734,517,22,Married,Rent,0
496,71,6062.5346709490295,24676.931717654334,381,21,Divorced,Mortgage,1
497,60,5365.701070656798,30857.86324939347,500,15,Divorced,Rent,0
498,54,4153.882053894908,20979.831534708956,746,27,Married,Rent,0
499,50,3079.5434019936583,23080.505395041022,727,34,Divorced,Mortgage,0
500,25,6308.685992420217,16083.51432578209,337,7,Single,Rent,1
501,70,5975.3017669379915,22691.269412451074,510,21,Divorced,Mortgage,0
502,61,4851.236204330926,16568.077245025896,743,20,Married,Rent,0
503,61,7769.955494071499,26215.71889856051,626,25,Single,Mortgage,0
504,22,3394.872850510771,16303.89663956366,526,39,Married,Mortgage,0
505,56,2711.7122436128916,23771.003939021866,347,20,Single,Mortgage,1
506,21,3962.1378951781335,19707.371863150216,317,24,Single,Own,1
507,23,4931.620975466753,31260.50250772168,738,0,Divorced,Rent,0
508,62,5365.009173984038,19486.062764115137,486,5,Single,Own,1
509,49,4638.145913215505,2269.6753179311854,644,22,Married,Rent,1
510,69,5528.083094771445,32619.215007139916,523,22,Divorced,Rent,0
511,47,3122.6908637143342,10942.676991373812,787,22,Married,Rent,0
512,64,7165.646906109889,13462.336613511801,528,31,Single,Own,0
513,52,4876.773232411147,14043.387059565079,689,29,Married,Rent,0
514,72,6675.943747382192,33744.380931708176,487,12,Married,Own,1
515,57,5514.088019566556,1000.0,569,17,Single,Mortgage,0
516,69,5685.129828730676,50000.0,609,22,Divorced,Rent,0
517,33,5854.650920348306,30560.56809066052,431,14,Married,Rent,1
518,30,5671.562840025972,22232.3891412916,371,32,Single,Mortgage,0
519,67,5964.084139801316,19451.059993837138,486,20,Divorced,Mortgage,0
520,59,6993.728795198647,22855.540748576568,785,38,Divorced,Rent,0
521,47,5294.781754552205,25211.22428379338,490,22,Divorced,Mortgage,1
522,36,6063.505636382768,26452.15585950057,721,26,Married,Own,1
523,34,4865.39645856916,25556.044660034484,419,17,Married,Own,1
524,73,7160.17582317421,20895.806812552488,519,23,Married,Rent,0
525,36,3985.4115469110957,18026.61579692674,352,39,Divorced,Own,1
526,45,7701.410649366224,18487.267163464883,750,6,Married,Own,0
527,72,4939.763074033485,18050.91719647319,711,19,Single,Rent,0
528,43,2853.837346822928,31337.700968670644,536,26,Married,Mortgage,0
529,54,5192.156622366184,25935.56722280862,705,5,Married,Rent,0
530,43,3978.422513787679,1000.0,721,26,Divorced,Own,0
531,70,6260.965323483086,26559.00776529761,546,8,Married,Rent,1
532,40,4021.0640310464137,21947.36194718775,371,30,Single,Rent,0
533,26,4330.72485017783,19812.912435541024,484,20,Divorced,Own,0
534,29,2165.6889035817035,16114.815469111141,305,25,Single,Own,1
535,70,4321.540521126385,31241.127199860137,505,39,Divorced,Rent,0
536,18,1500.0,29475.264621228576,843,12,Divorced,Own,0
537,18,2624.145764771415,12271.223321763908,686,22,Married,Own,0
538,64,6140.621984216446,24070.52287124535,375,19,Single,Own,1
539,51,6178.700237976248,10283.43265458714,476,36,Divorced,Own,1
540,49,5638.186342677447,6203.818352110695,648,27,Married,Own,0
541,71,3549.5357853061805,13732.827754100348,554,16,Divorced,Own,1
542,65,4928.43296578703,28623.934723827588,607,27,Divorced,Mortgage,0
543,42,4994.596191364148,29531.25045376087,644,1,Divorced,Rent,0
544,57,3262.452966211186,25130.854200972928,426,24,Divorced,Own,1
545,62,7255.097452650725,27250.95786847997,586,5,Divorced,Rent,0
546,70,6316.043435863507,25161.782871149582,786,10,Divorced,Mortgage,0
547,18,4668.553739255504,13585.184047770479,682,37,Married,Own,0
548,33,5040.328758491796,24319.22544673941,705,5,Divorced,Rent,0
549,56,5312.574211921329,28004.095252276824,687,10,Single,Own,0
550,22,1937.397697363564,27542.913298135743,824,13,Married,Own,0
551,39,4629.233926219104,31889.13371474643,575,1,Single,Own,0
552,46,3977.0236280033023,27083.038472010638,799,39,Divorced,Own,0
553,72,3497.5699851576264,23514.482075415828,636,2,Single,Own,0
554,20,4578.349560671068,30701.502383164276,780,34,Divorced,Own,0
555,29,7696.529790274284,19734.7874075094,572,32,Divorced,Own,0
556,43,5961.264291900515,11181.253487722823,357,23,Married,Mortgage,0
557,33,4143.231515325805,18369.330360562362,627,18,Married,Mortgage,0
558,68,5858.874172034238,12550.973551935509,408,17,Divorced,Own,1
559,54,7099.033154879004,13248.217250256184,578,23,Married,Own,0
560,39,6386.950524369153,18554.81329284482,627,34,Single,Mortgage,0
561,74,5089.445554880262,12075.800790000387,614,0,Married,Mortgage,1
562,46,4029.594833441639,16920.384703609598,773,35,Married,Mortgage,0
563,31,6047.334970420385,1063.853330462145,410,24,Single,Own,1
564,45,5590.228078132624,22132.937073729387,528,33,Married,Rent,0
565,22,6342.789830041598,20012.054753622244,796,24,Divorced,Rent,0
566,64,5952.757702522954,11829.113689318094,455,15,Single,Rent,0
567,66,6574.329072979002,26592.45668432405,772,33,Divorced,Rent,0
568,47,4197.147182659148,29375.701376265584,571,28,Single,Own,0
569,63,6976.0910984514885,3924.401356310258,301,18,Divorced,Rent,1
570,69,5296.3994070386,12372.752214337857,810,22,Divorced,Mortgage,0
571,22,8112.891308937898,12308.576502127018,585,18,Married,Mortgage,0
572,29,3966.218272865648,10600.968988911354,312,24,Divorced,Rent,1
573,33,7603.945704747874,28294.748419317482,797,15,Married,Mortgage,0
574,43,5296.866175193972,18061.738612271965,537,8,Single,Own,0
575,43,4022.8729945783275,17354.851586893892,393,0,Divorced,Rent,1
576,65,4274.171248918517,1000.0,637,18,Divorced,Rent,0
577,38,4519.47903770852,26354.180302092263,470,32,Single,Own,0
578,56,5636.248919602875,7607.416051465274,766,33,Single,Mortgage,0
579,53,5784.253232053249,20599.32630266328,442,15,Divorced,Own,0
580,50,4139.449994092131,22773.769379581918,500,39,Single,Own,1
581,47,4963.468111608526,33606.58595838651,479,17,Married,Mortgage,0
582,54,8213.405537917795,6911.7960088088785,663,33,Single,Own,0
583,40,7591.3147551510665,1000.0,778,24,Single,Mortgage,0
584,27,5654.485504511048,21838.49544753695,770,5,Divorced,Mortgage,1
585,71,5057.0052172523,38005.11181510854,683,20,Married,Own,0
586,22,5180.046990077392,32389.463529394372,716,5,Single,Mortgage,0
587,53,5920.276959095625,22096.594152746256,607,31,Married,Own,0
588,51,3465.811152202392,15083.638143679527,666,38,Married,Mortgage,0
589,69,4613.9351938649825,28071.225966373102,300,30,Married,Rent,1
590,48,2497.123889183616,10264.538002955314,343,9,Divorced,Mortgage,1
591,27,5598.834683907919,24763.57769356219,397,29,Single,Mortgage,1
592,36,5970.793909554111,25054.701591666268,564,17,Divorced,Own,0
593,49,4275.220306550939,30602.099074988797,439,23,Single,Mortgage,0
594,18,7360.980144935049,47596.600389110776,780,8,Single,Rent,0
595,73,3161.3515054964882,23924.15967178767,536,30,Divorced,Rent,0
596,22,2803.43767968527,14910.363742925012,371,14,Married,Mortgage,1
597,62,5336.677727839958,19744.256878080054,489,3,Married,Mortgage,1
598,21,6570.647453918232,2309.240951108819,567,39,Single,Rent,0
599,33,7525.891537186802,13052.868689109418,620,8,Divorced,Own,1
600,41,4311.67360569659,15907.17561886896,406,8,Married,Rent,1
601,33,6618.021250146943,14759.116020654075,531,25,Married,Rent,0
602,72,4942.237295748939,21523.54872033722,341,3,Single,Mortgage,1
603,19,4741.05905008877,11775.800676177994,438,16,Single,Mortgage,1
604,66,6325.489906230008,31210.306673244715,572,15,Divorced,Rent,0
605,45,5978.484317620129,20002.07064918197,780,14,Single,Own,0
606,49,2635.411764523626,19906.996788613855,715,34,Married,Rent,0
607,44,7214.810524588844,16721.05283487082,805,4,Married,Rent,0
608,37,7070.1370312211775,21551.90683858979,723,4,Married,Own,0
609,41,4061.655947735706,28250.982646676348,706,19,Married,Rent,0
610,29,5593.7053001561135,11328.697842890997,689,14,Divorced,Rent,0
611,67,5741.045279424108,13418.835109247433,641,17,Divorced,Mortgage,0
612,52,5391.010648735861,16962.739712233353,792,1,Single,Own,0
613,50,4174.54226923187,6541.290765267851,491,28,Single,Mortgage,0
614,50,3992.564948092923,11807.421402785023,798,12,Single,Mortgage,0
615,68,4961.668893512832,15237.791264553409,532,3,Divorced,Own,0
616,60,6759.093528889047,28743.891807127275,526,9,Married,Own,0
617,54,5815.400231891648,22625.61329001925,670,30,Single,Rent,0
618,29,4444.078501870841,21935.899113675445,438,7,Married,Mortgage,1
619,20,6157.548065972517,28508.979621679722,448,2,Single,Own,1
620,18,1500.0,18626.282116006034,414,8,Single,Mortgage,0
621,50,6723.148550558155,23904.648499288895,749,29,Single,Mortgage,0
622,57,2390.4293318328505,18967.782470675036,362,10,Single,Own,1
623,27,4456.338587895301,22653.623493996285,403,34,Single,Rent,1
624,60,3320.495158060784,14172.41342388418,572,36,Married,Mortgage,0
625,61,3057.9777864186417,1000.0,305,12,Single,Own,0
626,46,6741.240181067779,18657.20837813696,446,35,Married,Rent,0
627,30,4298.448198032163,34227.4813609994,483,12,Divorced,Mortgage,0
628,29,5519.755822596074,29262.154022415925,327,11,Single,Own,0
629,48,4929.619131681224,29653.974845911707,849,36,Married,Mortgage,0
630,63,5715.561240834682,32361.30721806218,418,9,Divorced,Own,0
631,19,5115.232836590383,20886.575909614374,592,8,Divorced,Own,0
632,68,3075.511663717146,21973.157074055955,670,6,Divorced,Mortgage,0
633,67,6494.40022917071,13823.4810456565,543,1,Married,Mortgage,1
634,52,4259.365125258031,16839.271439729502,517,22,Single,Own,0
635,40,2665.1271520103733,26157.711497711414,476,38,Single,Rent,1
636,34,4357.827258551131,32038.844371688163,598,39,Married,Mortgage,0
637,43,7251.139685951466,18605.537243190003,357,38,Single,Own,1
638,25,6275.33261317024,15498.107351485884,568,20,Married,Own,0
639,46,4477.021798388211,20005.279588565973,607,22,Single,Rent,0
640,43,4476.113443522357,26012.06748929115,587,28,Divorced,Rent,0
641,27,4517.547423173926,5561.451838664581,404,13,Single,Rent,0
642,43,8115.1219753412615,1000.0,527,25,Married,Mortgage,0
643,51,5572.90317834733,14494.631505084166,546,4,Married,Own,0
644,68,5645.0624707866045,7792.875740858413,793,30,Divorced,Own,0
645,58,6545.4251810477635,14918.59802352689,382,24,Married,Own,0
646,24,5358.18373853977,18522.196811825284,485,30,Single,Rent,0
647,21,4611.436781268945,15467.515909769867,551,19,Single,Own,0
648,70,4705.475226372532,34524.67534470745,654,16,Divorced,Mortgage,0
649,67,4892.598110878904,23267.4476460232,509,1,Married,Rent,0
650,62,4944.166645235237,23004.743596108285,746,24,Divorced,Rent,0
651,28,6091.44431545547,26222.071440434018,759,12,Single,Rent,0
652,46,5077.918828710949,8611.668822192309,771,38,Divorced,Rent,0
653,73,6098.960115823369,30391.117874202686,669,27,Married,Mortgage,0
654,53,4878.925129837126,19242.3571346454,791,5,Divorced,Own,0
655,42,5117.952785474135,26704.806172412125,436,2,Married,Mortgage,1
656,38,2002.6989732018387,9281.427669598446,666,34,Married,Own,0
657,74,6374.4915120537225,4462.412339839357,483,17,Single,Mortgage,0
658,53,5519.732713846989,28178.896580250286,586,10,Single,Rent,0
659,27,6497.015164789478,23764.095260975166,771,19,Single,Rent,0
660,54,1500.0,10979.484456424896,674,4,Married,Mortgage,0
661,26,8132.5620571710915,11303.369187253056,836,18,Divorced,Mortgage,0
662,41,4790.61555776724,31254.347844147695,810,21,Married,Own,0
663,52,6662.274225106275,8105.881071326721,549,18,Single,Mortgage,0
664,66,3440.141109311704,36426.729532559635,809,15,Single,Mortgage,0
665,52,5919.160857593854,10993.792653521312,372,23,Divorced,Own,0
666,65,3419.8766552395155,26383.91925608383,581,3,Single,Own,0
667,53,4064.3465589562925,16713.815242510154,659,14,Single,Own,0
668,35,7871.047030800179,26031.87431082343,309,24,Single,Mortgage,1
669,66,4713.97639885498,14558.859978858074,510,34,Divorced,Own,0
670,56,5326.149309769584,18372.07093927706,451,13,Married,Rent,0
671,49,6305.1015960331315,20409.19175395721,304,18,Single,Rent,1
672,41,5743.522831958907,9978.125442185274,494,37,Divorced,Rent,0
673,40,5225.6283577153645,27408.24345420126,582,35,Single,Mortgage,0
674,49,5547.441503699338,14867.864335284148,763,6,Divorced,Rent,0
675,54,8605.123377857413,17714.000846599814,412,29,Single,Mortgage,1
676,29,4913.571804449622,10056.506253914877,570,18,Divorced,Mortgage,1
677,66,5301.648570072452,1000.0,462,24,Single,Rent,1
678,72,6575.981594011419,18089.72237399831,759,15,Married,Own,0
679,30,6658.288899436976,44126.15421612916,404,39,Single,Mortgage,0
680,40,6780.54545834057,27846.04287898024,581,7,Divorced,Rent,0
681,42,5958.095333043777,19807.396202656055,461,17,Single,Mortgage,1
682,52,3285.492630904275,17371.091707917323,650,27,Married,Own,0
683,58,7450.147298451644,20224.658928120465,733,15,Single,Own,0
684,47,3280.481910471968,25471.1911517521,439,18,Divorced,Rent,1
685,34,5453.95319785855,8191.871846911552,770,16,Divorced,Mortgage,0
686,66,3868.586224970963,31143.21694668872,431,12,Married,Mortgage,0
687,37,4903.792480110511,27153.81315441244,386,6,Divorced,Mortgage,1
688,65,5493.14361545522,27181.857257079344,482,26,Single,Mortgage,1
689,42,5482.03582317541,24384.757388097274,667,9,Single,Rent,1
690,39,5632.881131352927,20196.1665769399,428,33,Single,Own,0
691,30,7420.566903587971,26728.6123596682,545,35,Divorced,Rent,0
692,36,5680.30145227097,25918.14133741378,677,24,Single,Mortgage,1
693,66,4633.765047064027,16459.592890589764,448,5,Single,Mortgage,0
694,53,6446.130752432536,14263.98227103099,732,23,Single,Own,0
695,29,6784.205733386961,21018.562952619868,768,17,Married,Mortgage,0
696,58,3158.5882772945115,35490.20151495187,745,22,Divorced,Rent,0
697,36,5896.100104774787,7608.929243460991,780,5,Divorced,Rent,0
698,29,6051.759113466347,5324.747342475599,593,28,Divorced,Own,0
699,26,4553.654744960012,21647.608412365167,442,24,Married,Rent,0
700,24,7063.560219967429,20508.87701856018,549,16,Divorced,Rent,0
701,45,4774.91661945121,21733.416643704084,601,23,Married,Rent,0
702,31,5188.3646802073135,22439.531979085004,324,10,Married,Rent,1
703,48,4740.392263574196,17767.977453651947,369,25,Divorced,Mortgage,1
704,69,5023.368571372202,34898.63438602082,411,33,Single,Rent,1
705,36,3355.587369657197,3990.9602152348452,663,27,Single,Own,0
706,64,2839.9236761085585,11715.02975219754,602,2,Divorced,Own,0
707,33,7391.757594837458,18967.452398509526,770,10,Divorced,Rent,0
708,70,3729.5579775225083,3568.1118884583266,390,37,Married,Own,0
709,22,3512.9114758155392,18241.45595567929,829,13,Divorced,Rent,0
710,52,1769.9148295944278,36614.70165728018,491,25,Married,Own,0
711,29,4041.5573784657468,20208.864882959617,541,20,Divorced,Own,0
712,42,3015.3653098887526,22307.009057186835,437,38,Single,Rent,0
713,69,7463.022740204553,7398.352348274197,644,29,Single,Rent,0
714,38,6514.725634013951,13836.385919605225,479,7,Divorced,Mortgage,1
715,53,3967.7744822334143,16248.03619676063,802,19,Married,Rent,0
716,70,8378.653708016463,16822.849032437658,502,31,Single,Rent,0
717,40,6472.648230487392,32816.43795003769,491,21,Married,Mortgage,0
718,33,4512.752924737067,25576.910607251244,304,6,Divorced,Rent,1
719,74,1500.0,8885.42043062968,536,8,Divorced,Rent,1
720,56,8436.413858886113,22465.04778432005,610,0,Single,Mortgage,0
721,62,2915.641299854606,24982.217484967852,848,28,Divorced,Rent,0
722,70,2531.901879564662,31401.490385212666,355,7,Single,Rent,1
723,59,6533.855648014461,35805.40686568373,742,3,Married,Mortgage,0
724,56,8659.628609508909,9849.058081721314,536,34,Single,Mortgage,0
725,31,7076.409227765777,11891.424887896617,496,2,Single,Own,0
726,48,5845.86368007854,7424.221410853837,813,39,Married,Rent,0
727,22,5892.131512497929,17659.801408930187,748,6,Single,Own,0
728,52,6280.1233381704615,24663.583744463343,659,26,Single,Own,0
729,40,6138.392884680148,29873.34516589102,329,0,Divorced,Mortgage,1
730,46,5421.787135954064,19240.489763574773,407,26,Married,Rent,0
731,60,5156.301655927814,16801.52476745156,744,15,Single,Rent,0
732,28,4906.110308150716,21517.579922487403,737,37,Married,Mortgage,0
733,35,3869.0531166999854,11648.57098369977,756,6,Married,Own,0
734,64,4578.987384699839,40895.38721694773,794,22,Single,Mortgage,0
735,29,2460.564778706922,3923.389728819413,546,10,Divorced,Rent,0
736,26,4852.490559807875,21847.405788957243,842,32,Married,Mortgage,0
737,27,3517.1133392736238,40236.06219229639,738,35,Single,Rent,0
738,61,3344.6160241763437,20067.998445599977,577,36,Married,Own,0
739,34,5269.841226730217,18099.609649985054,410,16,Divorced,Rent,1
740,55,7088.003429516899,16425.54577189573,684,34,Divorced,Own,0
741,24,6377.474909003469,18196.08318237592,490,4,Divorced,Own,1
742,63,2644.2490945652344,33728.4847467653,789,31,Single,Rent,0
743,30,3515.557795144494,1000.0,725,2,Single,Rent,1
744,57,6411.156781982324,35334.33701296325,704,34,Divorced,Own,0
745,59,3526.2689096925355,5760.428475498549,634,13,Single,Mortgage,0
746,26,4663.050275004463,17333.476707655853,508,30,Divorced,Rent,0
747,67,5825.078148536828,15707.555797013381,321,30,Single,Own,1
748,44,3547.483317704547,25885.532697707196,507,16,Divorced,Own,0
749,19,5158.0632592189395,4018.7564811625234,307,23,Married,Mortgage,1
750,22,2998.9617576226933,24621.72666081943,828,22,Divorced,Rent,1
751,46,4097.94853407318,40243.09623286853,465,17,Divorced,Own,1
752,54,5479.672901213806,6368.259954071895,795,13,Single,Mortgage,0
753,55,2610.509399702496,21897.061676103956,728,14,Single,Own,0
754,36,5660.7121069405985,13380.178222033908,462,14,Single,Rent,1
755,25,4970.543301609978,24258.872061930357,665,5,Single,Mortgage,0
756,65,5828.734931625721,20191.47777415752,825,26,Single,Own,0
757,62,5335.871201096992,13585.130909556905,538,14,Single,Mortgage,0
758,18,7046.210644960766,24878.72284871074,371,35,Married,Rent,1
759,39,5187.836753971861,38043.481097867436,744,7,Divorced,Mortgage,0
760,69,4355.89168831212,18090.962082727012,808,14,Divorced,Rent,0
761,34,5183.446254548426,27197.57942148182,568,2,Divorced,Own,0
762,24,5814.947043554582,7067.270421288364,714,12,Married,Rent,0
763,42,5073.290105488557,10435.636231819912,544,33,Divorced,Own,0
764,62,5060.887536805823,24724.062778803775,359,23,Married,Own,1
765,21,3947.012468289867,34841.16028535965,305,39,Married,Rent,1
766,53,4005.6486236735777,23556.1334878566,706,31,Married,Own,0
767,23,2896.0920923004596,16869.419694768458,516,31,Divorced,Mortgage,0
768,48,7624.3651147804085,19992.91405423354,325,29,Married,Own,1
769,36,3134.2051469130724,7495.9226603028255,304,12,Divorced,Rent,0
770,61,3960.642203306139,26045.153263553668,831,0,Divorced,Mortgage,0
771,71,3922.389101646204,28823.33062323409,689,33,Single,Mortgage,0
772,56,6342.386565416662,15479.096671669196,747,14,Single,Own,0
773,44,4557.575482561959,15299.578522404985,445,13,Married,Own,0
774,27,6871.613109010601,22658.782296520483,687,28,Married,Rent,0
775,43,3989.764063634197,15632.802639594045,548,33,Divorced,Mortgage,0
776,36,5418.491243335703,19338.673853741777,825,17,Married,Rent,0
777,56,3746.979420110364,40997.217891665154,761,6,Married,Own,0
778,20,8217.723691660081,17529.742992540032,312,28,Divorced,Mortgage,1
779,62,3218.602371455731,16416.59847978778,683,30,Married,Rent,0
780,30,5464.731065340541,13524.581943648409,698,24,Married,Rent,0
781,67,5950.665321398148,27441.919714999367,318,37,Divorced,Rent,0
782,45,5620.698646177248,18187.758267818972,790,13,Divorced,Rent,0
783,37,4722.0685116834375,13506.26961678574,718,7,Single,Rent,0
784,45,4805.268950399861,33213.04032273012,636,26,Divorced,Mortgage,0
785,25,5065.717207968664,34196.03004513637,718,1,Single,Rent,0
786,58,4779.496997557267,13995.764342612949,421,16,Married,Mortgage,1
787,56,6445.818675192364,1334.600486393836,731,36,Divorced,Rent,0
788,18,8315.784502387027,30075.136898369223,343,13,Divorced,Own,1
789,20,4163.76232248825,13153.70174239996,616,24,Divorced,Own,0
790,30,2945.2955306313834,27906.255991627688,680,29,Married,Rent,0
791,45,4867.576927473117,1000.0,444,28,Single,Own,0
792,74,8869.564006481478,28925.973382993092,626,19,Married,Mortgage,0
793,66,3794.4881480454037,7888.280707192187,662,20,Married,Rent,0
794,42,7458.675208166102,27307.641190665243,349,21,Divorced,Mortgage,1
795,73,7516.5512211146615,20142.73067836434,364,34,Single,Rent,0
796,50,4169.617637438008,10460.60580603355,654,36,Married,Own,0
797,55,5853.474618777913,15929.636870732194,463,15,Divorced,Mortgage,0
798,70,7442.594934692806,26863.18456956701,440,16,Married,Own,0
799,23,4431.30838851877,21058.94453115234,427,15,Married,Own,1
800,61,4694.629459846457,25844.129804724842,697,1,Divorced,Rent,0
801,62,4127.478629077034,39764.405845154855,762,3,Divorced,Mortgage,0
802,49,3477.8649039607,4357.583882889487,486,20,Single,Own,0
803,62,4026.0836824009893,36172.12574968624,489,38,Married,Rent,0
804,64,3164.089599856615,21043.55937523213,687,33,Divorced,Rent,0
805,38,5051.125202388839,11012.159516768717,728,29,Divorced,Rent,0
806,33,3845.0401534120374,6696.863742610101,583,5,Single,Own,0
807,71,5350.6788676861215,18108.796092229666,536,16,Single,Rent,1
808,38,2666.156530694559,29216.501119244593,493,38,Divorced,Mortgage,0
809,28,5496.320348321686,18724.508796224658,586,24,Single,Mortgage,0
810,54,6250.293442413387,35111.549302473475,435,4,Divorced,Own,1
811,53,2009.3965361428168,5488.243099484411,470,4,Married,Mortgage,0
812,52,5561.084854771359,19879.110521539453,458,19,Single,Rent,0
813,36,6841.503488709938,7476.065555868809,500,15,Married,Own,0
814,37,3185.538471963192,23636.318826249677,786,36,Married,Rent,0
815,74,7508.858580256555,28868.873900973005,803,39,Married,Own,0
816,35,5628.528514049068,15792.382063189467,670,8,Divorced,Own,0
817,64,3942.4822163623867,1000.0,402,4,Married,Rent,1
818,58,4916.346383513441,21989.481467964946,424,1,Married,Mortgage,1
819,66,5837.490368782584,24367.385517335097,612,8,Married,Mortgage,1
820,31,5114.008087118617,24042.947549616976,757,35,Divorced,Own,0
821,32,5808.133988669554,32357.82191822154,529,21,Married,Rent,0
822,48,3618.9896103809506,9289.463203509511,496,21,Married,Rent,1
823,18,5254.041236054117,26802.161054504493,722,21,Single,Own,1
824,70,2879.4282546425297,31925.07512477975,470,33,Divorced,Mortgage,0
825,71,4833.16090797695,2214.1241599348323,681,28,Married,Rent,0
826,71,3644.1385378028153,23196.518259189772,472,37,Single,Mortgage,0
827,20,3896.7050861153502,14958.201689923284,752,32,Divorced,Mortgage,0
828,33,6854.139762815656,19184.77326898354,649,17,Divorced,Own,0
829,40,6636.965180891404,23476.764835383365,793,6,Divorced,Own,0
830,74,5913.707181360765,15127.714358864476,303,0,Divorced,Mortgage,1
831,28,3361.5308529911317,13242.919208383883,392,32,Divorced,Rent,0
832,29,4525.3873254577975,20341.524174880247,305,0,Divorced,Rent,1
833,27,6819.646549968775,9127.540611371975,587,23,Married,Own,1
834,49,5212.575370459857,9141.748711148146,445,3,Married,Mortgage,0
835,33,8478.994309972542,26793.732829565033,723,3,Married,Rent,0
836,25,5589.976759091558,8512.059648413438,756,17,Married,Rent,1
837,55,5288.0736747350475,26663.12500909212,501,26,Single,Own,1
838,29,4536.325303696248,24625.91292853951,511,31,Married,Mortgage,0
839,41,5200.311357173424,2741.9327120940325,305,32,Divorced,Rent,1
840,45,4771.295245429184,13224.35347664345,675,27,Married,Own,0
841,70,6062.163015032886,31941.094030473723,746,35,Married,Rent,0
842,25,6435.053475191876,10188.344688603183,405,5,Divorced,Rent,0
843,45,3821.0158092380757,15355.957376906124,700,15,Married,Rent,0
844,53,3003.150569663333,24620.608932518964,395,33,Married,Own,0
845,43,2245.691940345055,27833.905092825953,687,22,Married,Mortgage,0
846,25,5761.986990368816,17484.611139555043,751,23,Single,Own,0
847,67,3344.9500907391894,14024.898053083583,715,12,Married,Mortgage,0
848,45,1770.6641105712756,34223.69861698508,803,17,Divorced,Rent,0
849,45,5582.867906796446,37388.99663797579,753,12,Divorced,Mortgage,0
850,54,8739.499276149185,29788.580507817955,590,36,Married,Rent,1
851,58,4990.89363269016,20853.18142565024,833,38,Married,Rent,0
852,53,6257.736161677463,11917.342783590735,492,16,Married,Own,1
853,44,5122.744037821348,11695.555934434347,449,14,Divorced,Rent,0
854,71,4851.665520213286,25225.141052657575,814,17,Divorced,Own,0
855,34,6378.614724481653,24183.98220888684,692,22,Single,Mortgage,0
856,26,4564.588183717023,34015.985929464296,615,29,Single,Mortgage,0
857,50,5401.088471107854,26504.50092536139,375,33,Single,Rent,0
858,70,5482.546709294021,4969.19698240182,569,3,Divorced,Own,0
859,37,3997.864319535427,30519.476177229186,524,2,Single,Rent,1
860,30,6488.063524304785,10019.393726855871,829,6,Married,Own,0
861,45,4737.5603649568875,16160.287280476485,412,17,Married,Own,1
862,65,3866.3822607607326,22502.002062516945,550,6,Divorced,Own,0
863,46,5804.764765355605,39956.67489783964,532,39,Single,Mortgage,0
864,30,3652.2980273134444,50000.0,382,5,Married,Own,1
865,63,5042.271736053693,26067.230591361826,424,21,Divorced,Mortgage,0
866,52,4986.321505033695,18168.033812796122,474,0,Single,Own,1
867,23,6628.843348747367,25345.056484805504,368,3,Married,Mortgage,1
868,35,5712.047349319929,28876.55425873836,346,28,Single,Mortgage,1
869,68,4962.459561882284,16793.323744428082,555,20,Divorced,Mortgage,0
870,22,6226.649448800431,37952.11355912322,329,25,Single,Rent,1
871,64,7085.31132352597,22300.70759191402,580,13,Divorced,Own,0
872,42,5836.715459527793,24977.430890913944,536,8,Single,Rent,0
873,19,5015.528929765071,26659.242520544612,547,11,Married,Own,0
874,27,3032.245651474761,24215.866106144556,667,5,Divorced,Own,0
875,73,3402.329505386941,28389.40500469612,794,19,Divorced,Rent,0
876,47,4542.162943467999,13827.468134530769,324,23,Divorced,Mortgage,0
877,67,4085.731696761075,14416.982460539693,789,26,Single,Own,0
878,62,4719.543045521831,8998.45767028305,793,37,Single,Mortgage,0
879,22,5084.974887345661,24395.012306202265,613,7,Married,Rent,1
880,72,5794.539131535096,27789.36503512114,674,0,Divorced,Mortgage,0
881,73,4894.251832911363,24577.728661518857,324,23,Divorced,Own,1
882,50,5729.752465739303,36744.92433347537,633,6,Single,Own,0
883,71,5096.711622215181,19944.039811709536,654,18,Single,Own,1
884,18,2036.8001504691929,26687.416555925127,415,21,Married,Rent,0
885,35,3590.9969092718684,9082.991238606857,347,34,Married,Own,0
886,49,4783.868666417577,16129.00297525599,398,29,Single,Rent,0
887,64,3185.4578857383385,26955.377575657774,758,28,Divorced,Mortgage,1
888,66,5899.893094994307,28491.02110743144,822,21,Married,Own,0
889,28,7296.126248515546,17060.330523358178,704,10,Single,Own,0
890,38,6828.142777545975,19284.007481419332,513,19,Single,Own,0
891,43,4679.835693604688,4821.262533191906,802,28,Divorced,Mortgage,0
892,42,7236.089205274928,16429.707991933905,747,33,Single,Own,0
893,39,5223.001185803168,28903.83163519786,557,0,Single,Rent,0
894,44,4494.371043322941,25752.050161065665,420,30,Married,Mortgage,0
895,66,4079.8960046885904,25006.657213812097,353,29,Single,Mortgage,1
896,30,4546.295470267807,20497.7368718096,630,17,Single,Mortgage,1
897,50,4417.734772188157,20070.631586281765,540,16,Married,Mortgage,0
898,51,5255.624333563232,13396.78860526553,829,37,Divorced,Mortgage,0
899,58,5240.860971574797,26988.28420202535,782,13,Divorced,Rent,0
900,52,5004.569030230122,24209.7294438939,486,22,Married,Mortgage,0
901,18,5655.407254619525,24920.188479927994,561,24,Married,Own,1
902,38,6785.969412179512,14739.651573324196,663,14,Divorced,Mortgage,0
903,65,6424.331203161985,1000.0,790,21,Divorced,Mortgage,0
904,72,2772.6530473251446,30971.527117536956,730,2,Divorced,Mortgage,0
905,23,1500.0,15211.625439915959,538,18,Divorced,Mortgage,0
906,45,6401.47986685891,11372.242359568794,603,33,Divorced,Mortgage,0
907,34,2949.681952376868,26934.789119139936,597,34,Married,Rent,0
908,22,4662.851897160975,16079.873600808703,375,0,Single,Rent,1
909,48,3244.830460910961,30599.36384046622,632,20,Divorced,Mortgage,0
910,22,2297.0293436299703,26170.059495766975,773,28,Divorced,Rent,0
911,55,5812.194092307182,26835.693232004778,582,5,Single,Own,1
912,20,6138.73274045397,6340.442887994657,371,36,Single,Mortgage,1
913,70,4135.234398909921,32119.439853864005,562,0,Single,Own,0
914,40,1500.0,22612.50531233856,311,0,Single,Own,1
915,54,4180.633327621275,16307.228607537969,440,26,Single,Mortgage,0
916,70,5587.70600810382,21433.88467342251,316,20,Single,Own,0
917,54,2781.632646838807,2237.647671016799,362,15,Married,Own,0
918,27,5275.039879668733,24086.528114806708,552,39,Single,Own,0
919,27,4977.035226240507,9706.284918179284,764,25,Single,Mortgage,0
920,36,5868.9372494016325,6473.297141564655,675,15,Married,Mortgage,0
921,34,5179.37055262123,4776.4081378210885,819,27,Single,Own,0
922,38,3540.396588677667,31126.88374989925,389,0,Divorced,Mortgage,0
923,31,6794.857252496737,13707.366063072113,474,35,Divorced,Mortgage,0
924,26,4762.205640459545,35337.27709916499,375,9,Single,Own,1
925,63,4959.043190735102,14641.98536947702,699,16,Married,Mortgage,1
926,18,3600.0980613902057,2926.420424070533,370,22,Divorced,Rent,0
927,68,4335.076623212734,8834.755600513408,479,6,Married,Mortgage,1
928,62,3672.7959289596483,32358.116200069388,423,6,Divorced,Rent,0
929,30,4740.580910114865,18441.018220633327,680,14,Single,Own,0
930,21,7567.562720213515,14517.12703509399,592,33,Married,Mortgage,0
931,18,2942.1482856029656,21600.18225852788,494,3,Married,Own,0
932,66,2579.6579031848883,25017.82736167545,527,13,Married,Own,1
933,57,7206.755491240413,31173.988159024608,730,13,Divorced,Own,0
934,49,4686.014484272201,34484.99229892926,735,15,Divorced,Own,0
935,51,3996.3908920101253,16402.313542109143,760,6,Divorced,Own,0
936,45,6559.857031094115,6739.523139179617,320,31,Single,Mortgage,1
937,48,4091.5766903947037,15865.348388767241,363,18,Divorced,Rent,0
938,25,7739.014570320404,22602.805065828863,464,1,Single,Mortgage,0
939,56,6016.888807008903,10362.410737893892,326,9,Married,Mortgage,1
940,43,4268.132887781446,10428.490851049572,610,16,Married,Mortgage,0
941,51,8235.962319898255,23437.878815498854,584,36,Single,Mortgage,0
942,71,4091.4276154949926,19513.47648429549,580,11,Divorced,Rent,1
943,71,6113.14305801396,20327.969954115866,463,5,Single,Mortgage,0
944,20,5448.938870609738,12415.046652999306,523,21,Married,Own,1
945,67,6952.611934098197,17695.99285794233,445,31,Married,Mortgage,0
946,29,7342.26679509028,10757.668557316956,329,19,Single,Mortgage,0
947,18,5048.00622359865,28901.984111247868,344,0,Divorced,Rent,1
948,71,3869.873194480725,30352.493347237527,770,5,Divorced,Rent,0
949,61,5689.958214408674,1538.1213776190634,333,18,Single,Own,1
950,22,3983.4269453718407,10704.891398075899,726,17,Single,Mortgage,0
951,47,8020.080871289934,5034.707449099209,520,5,Divorced,Mortgage,1
952,47,5204.8029966241065,13499.760655931019,833,32,Married,Mortgage,0
953,74,4452.017673031837,19165.62030209639,666,22,Single,Own,0
954,34,5277.020458797362,5503.547803014699,849,22,Divorced,Rent,0
955,65,2979.3105657054552,10781.401868746869,415,25,Divorced,Own,0
956,64,3542.5789422340226,9960.426279185014,538,12,Married,Mortgage,1
957,40,6800.620861916638,22072.67329398944,634,6,Married,Rent,0
958,32,4014.658581542906,20693.443370362504,740,14,Married,Rent,0
959,54,3429.6335259770904,12782.624466627467,447,26,Married,Own,1
960,38,5804.979128790929,21768.20872139398,308,25,Married,Rent,1
961,31,6778.556231994496,14533.199154127346,587,32,Single,Rent,0
962,19,6078.4299659976,17283.44889673947,687,14,Divorced,Mortgage,0
963,28,6494.071528708724,36734.52090298537,349,35,Single,Mortgage,0
964,68,3864.8073671458087,33404.61051790348,816,26,Single,Rent,0
965,56,2867.2839998872346,7004.187630724024,577,4,Single,Rent,0
966,55,7252.00047793323,28297.324178791743,599,1,Single,Own,0
967,51,4515.980241736796,28113.96554491592,434,32,Single,Own,0
968,55,4623.750475317429,8517.367112473818,446,15,Married,Rent,1
969,67,6992.291212773587,28187.776437548608,789,22,Married,Mortgage,0
970,51,5834.34501410099,35379.31918412553,777,37,Divorced,Rent,0
971,35,5683.831658122412,8774.551937555862,458,15,Single,Rent,0
972,47,8247.503517351626,10824.971789857364,683,13,Divorced,Mortgage,0
973,32,4034.7226544297855,30176.614668435024,462,28,Married,Mortgage,0
974,44,6391.760192121856,22714.95310825648,740,25,Married,Own,0
975,68,5085.519687345627,25514.762752395232,488,34,Married,Own,0
976,51,5402.888418294885,23405.892164004967,714,14,Single,Own,0
977,69,7292.702639618798,23906.959209281442,638,2,Single,Own,0
978,74,5761.753634434435,6735.27871688917,480,22,Married,Mortgage,0
979,55,5807.444118574449,30473.177066214485,587,28,Divorced,Rent,0
980,50,6608.761005964703,31695.899924277735,486,33,Divorced,Own,0
981,41,4452.570905685672,17706.092559319724,437,32,Married,Own,0
982,32,3741.1854989914905,19565.230501861377,429,22,Divorced,Mortgage,1
983,47,3432.7862089684495,4688.924974442778,493,6,Married,Mortgage,0
984,72,2050.4651159359973,25142.547560178347,615,2,Divorced,Rent,0
985,59,8084.310694910483,25720.57441714144,443,31,Married,Rent,0
986,68,3345.187451417475,19378.08983000689,315,30,Divorced,Mortgage,1
987,34,4668.119564621342,31243.533598705028,601,17,Single,Own,0
988,22,4584.780050166619,16659.227690200594,722,6,Married,Own,0
989,46,5461.110046713651,25646.059258936002,544,0,Married,Own,1
990,21,6223.605818808945,9803.356613078844,406,13,Divorced,Rent,1
991,27,6290.710232539618,19764.478491257618,387,31,Married,Own,0
992,73,4125.3838421465925,18256.45742097164,428,5,Married,Own,1
993,34,4749.317429320383,22253.079220409418,640,38,Married,Mortgage,0
994,27,5423.86992573245,16304.730711666414,303,9,Single,Own,1
995,34,4626.963310724679,18685.274043283323,626,6,Single,Mortgage,1
996,37,7411.018364029989,28260.471714415064,709,25,Divorced,Own,0
997,41,5736.462427457377,15632.357627617825,605,33,Single,Rent,0
998,22,6102.316679074726,3934.228992613207,524,29,Divorced,Own,1
999,51,5994.321903001119,37495.839042054205,647,35,Single,Own,0
1000,23,6760.210786227987,33814.540786904865,620,20,Divorced,Mortgage,0
